designs,synID,prediction,actual
vga_lcd,317,1.573805,0.18547314
vga_lcd,703,1.574315,-1.3090093
vga_lcd,599,1.575298,-0.32579717
vga_lcd,940,1.5762731,-0.4634469
vga_lcd,381,1.576501,-0.67975354
vga_lcd,889,1.5783957,0.3034586
vga_lcd,656,1.5795585,-0.16848323
