designs,synID,prediction,actual
aes_xcrypt,1463,0.41863626,-0.8553131
aes_xcrypt,1114,0.41871238,-1.4736313
aes_xcrypt,1003,0.4191525,0.058283422
aes_xcrypt,1335,0.42000318,0.46965423
aes_xcrypt,1230,0.4202705,1.819859
aes_xcrypt,1206,0.42094618,-1.6780548
aes_xcrypt,1282,0.42228353,-0.9512155
aes_xcrypt,1104,0.4222898,0.33337188
