designs,synID,prediction,actual
ss_pcm,1359,0.043822348,-0.57889056
ss_pcm,1258,0.047706343,-0.57889056
ss_pcm,1430,0.047196873,-0.57889056
ss_pcm,1437,0.042775337,-0.57889056
ss_pcm,1167,0.048451893,-0.57889056
ss_pcm,1360,0.04661408,-0.57889056
ss_pcm,1190,0.047015116,-0.57889056
ss_pcm,1413,0.046436165,1.7243875
ss_pcm,1130,0.046679534,1.7243875
ss_pcm,1278,0.04402089,1.7243875
ss_pcm,1325,0.04178947,1.7243875
ss_pcm,1058,0.043223236,1.7243875
