designs,synID,prediction,actual
wb_conmax,961,0.06264191,0.60722035
wb_conmax,686,0.06320632,0.95893717
wb_conmax,737,0.06491501,0.4276203
wb_conmax,451,0.065214634,-1.4057971
wb_conmax,355,0.06596436,1.321879
wb_conmax,162,0.06600952,0.8242371
wb_conmax,922,0.06775986,-0.12988827
