designs,synID,prediction,actual
fpu,1468,0.0566522,0.47970712
fpu,1074,0.05691922,0.45954403
fpu,1061,0.060335014,-2.074286
fpu,1067,0.06066996,-1.4761139
fpu,1173,0.063419275,0.9434585
fpu,1429,0.064176664,1.4676992
