designs,synID,prediction,actual
vga_lcd,1377,1.5771399,-2.1152432
vga_lcd,1044,1.5728557,-1.3483378
vga_lcd,1102,1.5764576,-0.9353887
vga_lcd,1351,1.5781497,-0.876396
vga_lcd,1043,1.577346,-0.6207608
vga_lcd,1324,1.5746285,-0.2471402
vga_lcd,1197,1.5790812,-0.20781171
vga_lcd,1085,1.5782406,0.028159196
vga_lcd,1401,1.5791498,0.36245131
vga_lcd,1218,1.5788566,0.38211557
vga_lcd,1109,1.5765512,0.7557362
vga_lcd,1031,1.578548,1.0900283
vga_lcd,1443,1.5756675,1.7389483
