designs,synID,prediction,actual
sha256,1100,0.13613448,0.91025513
sha256,1292,0.13762078,-0.1592706
sha256,1269,0.1377082,0.6440413
sha256,1176,0.13821816,-0.8037883
sha256,1026,0.1384598,-0.8504925
sha256,1360,0.13871595,1.4380124
sha256,1246,0.13877192,0.6720638
sha256,1043,0.13878906,-0.76642495
sha256,1353,0.14122525,-1.0559908
sha256,1072,0.14168027,-0.3460873
sha256,1038,0.14206278,-0.97659373
sha256,1396,0.14226091,0.96162975
sha256,1089,0.14467564,-1.4109427
