designs,synID,prediction,actual
tv80,1442,0.08057563,-1.7383754
tv80,1050,0.08082263,-0.7740784
tv80,1437,0.078912064,-0.5377311
tv80,1446,0.07692492,-0.4148305
tv80,1019,0.07685645,0.010594662
tv80,1456,0.080794886,0.5778282
tv80,1186,0.08282392,1.0599767
tv80,1188,0.0807869,1.2206929
tv80,1410,0.08439602,1.7217492
tv80,1092,0.07830421,2.799493
