designs,synID,prediction,actual
iir,770,0.034702174,-0.6601882
iir,91,0.03468161,-0.07401876
iir,609,0.038101356,0.3464941
iir,601,0.032758314,0.60135037
iir,45,0.035931908,1.6462611
iir,260,0.038214996,1.9011174
