designs,synID,prediction,actual
aes_secworks,265,0.18488576,-1.5735488
aes_secworks,169,0.18806852,-1.0777167
aes_secworks,950,0.18481871,-1.0706669
aes_secworks,653,0.18459845,-0.8074764
aes_secworks,398,0.18508197,-0.4784882
aes_secworks,646,0.18893977,-0.055503435
aes_secworks,5,0.18308167,0.043193012
aes_secworks,420,0.18709221,0.3134333
aes_secworks,558,0.18335381,0.8468641
