designs,synID,prediction,actual
bp_be,208,0.057641268,2.046076
bp_be,653,0.05886954,-0.63621545
bp_be,673,0.05896671,0.6327147
bp_be,963,0.0600342,0.1323642
bp_be,450,0.0602396,0.6481895
bp_be,305,0.061255336,-0.6723232
bp_be,418,0.06141679,0.07046517
bp_be,70,0.06257987,0.3283778
bp_be,56,0.062752515,0.5243914
bp_be,978,0.063778505,0.9009439
