designs,synID,prediction,actual
pci,1413,0.18276423,-1.1545259
pci,1398,0.17665717,-1.1545259
pci,1067,0.18347092,-0.95251304
pci,1377,0.18193448,-0.9188442
pci,1156,0.18404977,-0.5821561
pci,1047,0.18157496,-0.0097864
pci,1270,0.18028921,0.023882408
pci,1066,0.1842724,0.023882408
pci,1402,0.18336415,0.3605705
pci,1220,0.18042141,0.62992096
pci,1260,0.18233332,0.93294024
pci,1354,0.18011859,1.5053099
pci,1102,0.18124226,1.5053099
pci,1128,0.17874986,1.8083292
