designs,synID,prediction,actual
dynamic_node,469,0.1629608,-1.2398747
dynamic_node,915,0.16287737,-1.182451
dynamic_node,534,0.16190612,-0.52207774
dynamic_node,222,0.16286159,-0.26367077
