designs,synID,prediction,actual
aes,1178,0.051010914,-1.7031717
aes,1446,0.04903933,-0.8472245
aes,1458,0.04967437,-0.7514936
aes,1172,0.0497802,-0.3699776
aes,1040,0.04952447,-0.19963281
aes,1148,0.05303431,-0.0926394
aes,1275,0.05393926,1.0406461
aes,1397,0.048560984,1.3165765
aes,1298,0.05473522,1.3334701
