designs,synID,prediction,actual
sasc,1365,0.034266286,-0.3520569
sasc,1174,0.03506045,0.89735633
sasc,1044,0.03575406,0.89735633
sasc,1350,0.03768722,-0.3520569
sasc,1003,0.038943954,-0.3520569
sasc,1086,0.039740607,1.3138274
sasc,1206,0.03999708,1.7302985
sasc,1077,0.040712096,0.48088527
sasc,1121,0.040801637,0.064414196
sasc,1430,0.041081876,0.064414196
sasc,1415,0.041511662,1.3138274
sasc,1004,0.041890316,0.89735633
sasc,1177,0.043177433,0.064414196
sasc,1237,0.04397267,-2.0179412
