designs,synID,prediction,actual
ac97_ctrl,1399,0.07873985,-0.7013718
ac97_ctrl,1154,0.08039345,-0.7417905
ac97_ctrl,1352,0.081353754,-0.6811625
ac97_ctrl,1472,0.08199297,1.7237488
ac97_ctrl,1133,0.08229766,0.8951659
ac97_ctrl,1072,0.08301534,-0.9438839
