designs,synID,prediction,actual
ethernet,1459,1.0128436,1.3982533
ethernet,1158,1.0131129,0.32135177
ethernet,1128,1.0140231,1.1698196
ethernet,1056,1.014798,-0.12463775
ethernet,1140,1.0158014,-0.026737615
ethernet,1327,1.016122,0.6041744
ethernet,1479,1.0163566,1.0066527
ethernet,1257,1.0164236,-0.6794052
ethernet,1454,1.0171034,0.038529143
ethernet,1389,1.0192178,1.8333651
ethernet,1473,1.0201095,-0.7555498
