designs,synID,prediction,actual
fpu,520,0.058369014,-1.2005515
fpu,647,0.060381975,-1.1669464
fpu,675,0.05974811,-0.97203636
fpu,864,0.05520931,-0.8577788
fpu,272,0.060263097,-0.31337497
fpu,339,0.0585135,-0.30665392
fpu,23,0.057093672,-0.105022885
fpu,718,0.05977736,-0.091580816
fpu,578,0.05406876,-0.091580816
fpu,471,0.06033592,-0.044533577
fpu,254,0.06171639,-0.010928403
fpu,642,0.060341153,0.4931492
fpu,171,0.06175948,0.5939647
fpu,447,0.056100734,0.6746171
fpu,217,0.05745925,1.1383685
