designs,synID,prediction,actual
des3_area,1163,0.021335974,-1.4312264
des3_area,1051,0.015594952,-1.2715151
des3_area,1150,0.022187784,-1.1118038
des3_area,1445,0.016339827,-0.9520924
des3_area,1029,0.021503888,-0.6326698
des3_area,1426,0.021009866,0.32559815
des3_area,1272,0.023274474,0.48530948
des3_area,1136,0.019740507,1.1241548
des3_area,1175,0.017330825,1.763
