designs,synID,prediction,actual
ethernet,471,1.0185577,-1.2124171
ethernet,735,1.0145864,-0.7011608
ethernet,184,1.013199,-0.6794052
ethernet,756,1.017276,-0.51623833
ethernet,800,1.0158399,-0.35307142
ethernet,217,1.0168713,-0.2334157
ethernet,947,1.0164121,0.61505216
ethernet,331,1.0148785,1.2242086
ethernet,949,1.0157856,1.2242086
