designs,synID,prediction,actual
usb_phy,404,0.041157212,-1.9425251
usb_phy,212,0.039001293,-0.6247847
usb_phy,60,0.042723186,0.1658596
usb_phy,305,0.039667387,0.6929558
