designs,synID,prediction,actual
des3_area,62,0.014771253,-0.6326698
des3_area,478,0.018256672,-0.7923811
des3_area,450,0.01959186,-0.7923811
des3_area,627,0.02164102,0.80473214
des3_area,775,0.023683287,0.96444345
