designs,synID,prediction,actual
simple_spi,837,0.04405766,-1.078014
simple_spi,509,0.041368186,-0.57195693
simple_spi,317,0.03767293,-0.57195693
simple_spi,138,0.044626877,-0.57195693
simple_spi,136,0.041309435,-0.57195693
simple_spi,247,0.04357449,-0.23458557
simple_spi,623,0.044254348,0.4401572
simple_spi,462,0.041741792,0.94621426
simple_spi,741,0.04184032,1.7896427
