designs,synID,prediction,actual
sha256,424,0.14084506,-1.3268751
sha256,716,0.14085728,-0.9158783
sha256,423,0.14061028,-0.87384456
sha256,732,0.14030766,-0.8364812
sha256,937,0.14227986,-0.6870278
sha256,155,0.14181839,-0.61697155
sha256,962,0.14171435,-0.2106452
sha256,459,0.13957334,0.73744965
sha256,171,0.14097187,1.1017423
sha256,404,0.13834481,1.1344352
