designs,synID,prediction,actual
usb_phy,1286,0.04216177,-1.1518809
usb_phy,1463,0.03909427,-0.8883328
usb_phy,1103,0.04148558,-0.8883328
usb_phy,1266,0.044735402,-0.3612366
usb_phy,1376,0.043383576,-0.3612366
usb_phy,1131,0.03959463,-0.097688496
usb_phy,1251,0.03774095,0.1658596
usb_phy,1152,0.04680764,0.1658596
usb_phy,1049,0.04246719,0.6929558
usb_phy,1083,0.03771683,1.220052
usb_phy,1258,0.044135176,1.4836
