designs,synID,prediction,actual
fir,836,0.03326286,-0.8107455
fir,849,0.036133192,0.15378979
fir,234,0.03805032,1.4398369
fir,313,0.040011607,-0.9393502
fir,850,0.040502913,-1.2930131
