designs,synID,prediction,actual
i2c,1012,0.03068018,-0.77807075
i2c,1449,0.02796096,-0.37442335
i2c,1010,0.031260908,-0.29369387
i2c,1387,0.027956173,0.029224074
i2c,1155,0.027829876,0.10995356
i2c,1489,0.032481875,0.513601
i2c,1043,0.028335882,0.67506
i2c,1213,0.028455919,1.7245432
i2c,1300,0.029150855,1.8860022
i2c,1081,0.033534132,4.872993
