designs,synID,prediction,actual
picosoc,240,1.0262532,-0.3944345
picosoc,643,1.0267231,-0.34003794
picosoc,400,1.0283624,0.13964096
picosoc,838,1.0262312,1.2176821
