designs,synID,prediction,actual
iir,1077,0.038568262,-1.0679582
iir,1348,0.043424696,-1.0679582
iir,1043,0.037973613,-0.81310195
iir,1451,0.03782842,-0.6601882
iir,1489,0.040391922,-0.34161785
iir,1145,0.038562927,-0.32887504
iir,1413,0.03823971,-0.2779038
iir,1355,0.03848241,-0.035790317
iir,1237,0.041411266,0.25729442
iir,1093,0.03930378,0.28278002
iir,1083,0.034912143,0.55037916
iir,1095,0.03668613,0.8816923
