designs,synID,prediction,actual
ac97_ctrl,55,0.083149984,-1.0045118
ac97_ctrl,821,0.085866876,-0.9843025
ac97_ctrl,649,0.07980443,-0.80241853
ac97_ctrl,748,0.08359708,0.8951659
ac97_ctrl,910,0.08028359,0.93558455
ac97_ctrl,895,0.083731085,1.198306
ac97_ctrl,13,0.08104339,1.2185153
ac97_ctrl,185,0.08612059,1.6429114
