designs,synID,prediction,actual
tv80,61,0.0782371,-0.75517064
tv80,630,0.08037069,-0.59445447
tv80,717,0.081321195,-0.4337383
tv80,831,0.08237587,-0.18793708
tv80,627,0.0816666,1.1734234
