designs,synID,prediction,actual
aes,435,0.04832281,1.0012274
aes,302,0.04996574,0.19736905
aes,231,0.05059073,0.26494384
aes,687,0.052055925,-0.31366527
