designs,synID,prediction,actual
spi,893,0.08960669,-1.0501646
spi,466,0.090763226,-1.1889398
spi,300,0.093662255,-0.38404348
spi,603,0.09396541,0.9852055
spi,760,0.09495498,1.1239806
spi,460,0.09591733,0.7261583
spi,678,0.09745897,-0.4673086
