designs,synID,prediction,actual
i2c,371,0.030782353,-1.8275541
i2c,986,0.027366828,-1.5046362
i2c,842,0.026352491,-1.0202593
i2c,497,0.029547965,-1.0202593
i2c,559,0.02997011,-0.5358823
i2c,578,0.026091374,-0.1322349
i2c,691,0.028959021,0.029224074
i2c,491,0.030132705,0.10995356
i2c,57,0.030257793,0.10995356
i2c,510,0.028224494,0.27141252
i2c,631,0.029224303,0.27141252
