designs,synID,prediction,actual
jpeg,1058,0.3336481,0.61572635
jpeg,1387,0.33387995,-0.76411486
jpeg,1460,0.33456433,-0.54063135
jpeg,1262,0.33514804,0.20431356
jpeg,1249,0.33688635,-0.085199125
jpeg,1431,0.33749533,0.14336352
jpeg,1357,0.33806908,-0.8809358
jpeg,1036,0.3396539,0.42102483
jpeg,1194,0.34000134,0.277115
