designs,synID,prediction,actual
dynamic_node,1283,0.15827978,0.6838213
dynamic_node,1116,0.159064,0.48283815
dynamic_node,1274,0.1599685,-0.4072302
dynamic_node,1463,0.1606352,-1.1250272
dynamic_node,1013,0.16121319,-1.0101798
dynamic_node,1052,0.1614176,0.6551094
dynamic_node,1457,0.16156286,-0.9527559
dynamic_node,1291,0.16157532,0.28185496
dynamic_node,1472,0.16159637,0.2244312
dynamic_node,1093,0.16320992,-0.12011137
dynamic_node,1068,0.16552609,-1.1537391
