designs,synID,prediction,actual
wb_dma,731,0.07032387,-0.32125628
wb_dma,839,0.07514874,-0.16230094
wb_dma,483,0.07475951,0.01936227
wb_dma,492,0.07181725,0.01936227
wb_dma,912,0.07397078,0.11019388
wb_dma,944,0.07538879,0.11019388
wb_dma,575,0.07472524,0.24644129
wb_dma,433,0.07182744,0.4053966
wb_dma,58,0.070068985,0.92767835
