designs,synID,prediction,actual
tinyRocket,1395,0.29539955,-0.7015841
tinyRocket,1094,0.29503265,-0.46271035
tinyRocket,1351,0.29516992,-0.39104822
tinyRocket,1454,0.29373452,-0.3731327
tinyRocket,1118,0.2957027,-0.2656395
tinyRocket,1179,0.29290688,0.015037101
tinyRocket,1253,0.29543465,0.08669922
tinyRocket,1337,0.29712623,0.38529137
tinyRocket,1137,0.29230297,0.45098165
tinyRocket,1214,0.29397416,0.9585883
tinyRocket,1193,0.2906536,2.2067034
tinyRocket,1495,0.29339284,2.2186472
