designs,synID,prediction,actual
aes_xcrypt,746,0.4178648,0.47470173
aes_xcrypt,540,0.41817725,-0.44646606
aes_xcrypt,195,0.41818953,-0.43132356
aes_xcrypt,559,0.42044288,-0.32784992
aes_xcrypt,280,0.42327684,-0.7114595
aes_xcrypt,328,0.42369884,0.39898932
aes_xcrypt,827,0.4238094,1.5826268
