designs,synID,prediction,actual
ss_pcm,705,0.042714767,1.7243875
ss_pcm,96,0.044071447,-0.57889056
ss_pcm,296,0.045083955,-0.57889056
ss_pcm,258,0.045242872,-0.57889056
ss_pcm,508,0.047509465,-0.57889056
ss_pcm,219,0.047834735,-0.57889056
ss_pcm,498,0.04817179,-0.57889056
ss_pcm,488,0.049418926,-0.57889056
ss_pcm,708,0.051779218,-0.57889056
