designs,synID,prediction,actual
spi,1334,0.0926076,0.9852055
spi,1031,0.09283483,-0.80962086
spi,1430,0.0939849,0.7261583
spi,1368,0.094247274,-0.3747918
spi,1139,0.095626816,-0.55057377
spi,1078,0.096096,-1.0779196
spi,1081,0.09729137,-0.38404348
